Mountain,Area,Elevation,Prominence
Carrauntoohil,MacGillycuddy's Reeks,1038.6,1038
Beenkeragh,MacGillycuddy's Reeks,1008.2,90
Caher,MacGillycuddy's Reeks,1000,99
Knocknapeasta,MacGillycuddy's Reeks,988,253
Caher West Top,MacGillycuddy's Reeks,973.4,24
Maolán Buí,MacGillycuddy's Reeks,973,38
Cnoc an Chuillinn,MacGillycuddy's Reeks,958,53
The Bones Peak,MacGillycuddy's Reeks,956.5,37
Brandon,Brandon Group,951.7,934
The Big Gun,MacGillycuddy's Reeks,939,74
Cruach Mhór,MacGillycuddy's Reeks,932,34
Cnoc an Chuillinn East Top,MacGillycuddy's Reeks,926,21
Lugnaquilla,"Dublin/Wicklow, Wicklow Mountains",925,905
Galtymore,Galty Mountains,917.9,897
Brandon North Top,Brandon Group,895.4,23
Knockbrinnea (W),MacGillycuddy's Reeks,854,29
Stumpa Bharr na hAbhann,MacGillycuddy's Reeks,852.1,23
Baurtregaum,Slieve Mish,851,643
Slieve Donard,Mourne Mountains,850,822
Mullaghcleevaun,"Dublin/Wicklow, Wicklow Mountains",849,374
Skregmore,MacGillycuddy's Reeks,847.7,50
Knockbrinnea (E),MacGillycuddy's Reeks,847,22
Cnoc na Toinne,MacGillycuddy's Reeks,845,80
Brandon Far North Top,Brandon Group,840.1,17
Brandon Peak,Brandon Group,840,190
Mangerton,Mangerton,838.2,583
Caherconree,Slieve Mish,835,129
Purple Mountain,Purple Mountain,832,597
Beenoskee,Central Dingle,826,491
Lyracappul,Galty Mountains,825.3,100
Carrignabinnia,Galty Mountains,822.9,26
Benagh,Brandon Group,822,57
Baurtregaum NE Top,Slieve Mish,819,14
Tonelagee,"Dublin/Wicklow, Wicklow Mountains",817,202
Mweelrea,Mweelrea Mountains,814,779
Faha Ridge,Brandon Group,809,44
Nephin,North Mayo,806,778
Ben Lugmore,Mweelrea Mountains,803,158
Gearhane,Brandon Group,803,25
Greenane,Galty Mountains,801.3,157
Cloghernagh,"Dublin/Wicklow, Wicklow Mountains",800,15
Galtybeg,Galty Mountains,799.2,80
Stradbally Mountain,Central Dingle,798,40
Ben Bury,Mweelrea Mountains,795,60
Mount Leinster,Blackstairs Mountains,794.4,706
Corrigasleggaun,"Dublin/Wicklow, Wicklow Mountains",794,49
Knockmealdown,Knockmealdown Mountains,792.4,682
Fauscoum,Comeragh Mountains,792,626
Gearhane,Slieve Mish,792,17
Ben Lugmore East Top,Mweelrea Mountains,790,37
Brandon South Top,Brandon Group,790,25
Mullaghcleevaun East Top,"Dublin/Wicklow, Wicklow Mountains",790,45
Ben Lugmore West Top,Mweelrea Mountains,790,47
Greenane West,Galty Mountains,787,39
Stumpa Dúloigh,Dunkerron Mountains,784,499
Temple Hill,Galty Mountains,783.1,188
Mangerton North Top,Mangerton,782,67
Stumpa Dúloigh SE Top,Dunkerron Mountains,780,15
Slievecushnabinnia,Galty Mountains,774.8,28
Mullaghanattin,Dunkerron Mountains,773,528
Coomacarrea,Glenbeigh Horseshoe,772,457
Barrclashcame,Sheeffry Hills,772,707
Knockmoylan,Knockmealdown Mountains,767.1,35
Slieve Commedagh,Mourne Mountains,767,180
Carrignagower,Comeragh Mountains,767,24
Croagh Patrick,Croagh Patrick,764,639
Tievummera,Sheeffry Hills,762,37
Shehy Mountain,Purple Mountain,762,47
Masatiompan,Brandon Group,761.9,109
Teeromoyle Mountain,Glenbeigh Horseshoe,760,25
Slievemaan,"Dublin/Wicklow, Wicklow Mountains",759,54
Camenabologue,"Dublin/Wicklow, Wicklow Mountains",758,133
Kippure,"Dublin/Wicklow, Dublin Mountains",757,262
Purple Mountain NE Top,Purple Mountain,757,35
Knockanaffrin,Comeragh Mountains,755,289
Beann,Dunkerron Mountains,752,166
Errigal,"Donegal NW, Derryveagh Mountains",751,688
Fauscoum North-West Top,Comeragh Mountains,750.1,13
Cnoc Íochtair,MacGillycuddy's Reeks,746.3,43
Slieve Binnian,Mourne Mountains,745.9,281
Pierasmore,Brandon Group,745.7,32
Broaghnabinnia,Dunkerron Mountains,745,290
Tievnabinnia,Sheeffry Hills,742,37
Coumfea,Comeragh Mountains,741.9,69
Slieve Bearnagh,Mourne Mountains,739,304
Tomies Mountain,Purple Mountain,735,60
Conavalla,"Dublin/Wicklow, Wicklow Mountains",734,109
Blackstairs Mountain,Blackstairs Mountains,732.1,540
Cnoc an Bhráca,MacGillycuddy's Reeks,731,96
Benbaun,Twelve Bens,729,684
Coumfea North Top,Comeragh Mountains,728.3,25
Seefin,"Comeragh Mountains, Monavullagh Mountains",726,71
Djouce,"Dublin/Wicklow, Wicklow Mountains",725,200
Knockaunapeebra,Comeragh Mountains,724.4,16
Baurtregaum NW Top,Slieve Mish,723,18
Seefingan,"Dublin/Wicklow, Dublin Mountains",722.9,97
Slieve Carr,"North Mayo, Nephin Beg Range",721,646
Slievenamon,"South Midlands, Slievenamon",720.2,711
Duff Hill,"Dublin/Wicklow, Wicklow Mountains",720,65
Gravale,"Dublin/Wicklow, Wicklow Mountains",718,123
Corranabinnia,"North Mayo, Nephin Beg Range",716,541
Meenteog,Glenbeigh Horseshoe,715,110
Stoney Top,"Dublin/Wicklow, Wicklow Mountains",714,19
Coumfea West Top,Comeragh Mountains,711,16
Bencorr,Twelve Bens,711,306
Knockboy,Shehy/Knockboy,706,685
Stoompa,Mangerton,705,90
Moanbane,"Dublin/Wicklow, Wicklow Mountains",703,108
Slievelamagan,Mourne Mountains,702.2,197
Binn idir an dá Log,Maamturks,702,644
Slieve Meelbeg,Mourne Mountains,701.9,193
Table Mountain,"Dublin/Wicklow, Wicklow Mountains",701.7,15
Glencappul Top,Mangerton,700,12
Ben Gorm,Ben Gorm Mountains,700,670
Pierasmore North Top,Brandon Group,700,11
Camaderry Mountain,"Dublin/Wicklow, Wicklow Mountains",698.6,71
Birreencorragh,"North Mayo, Nephin Beg Range",698,583
Silsean,"Dublin/Wicklow, Wicklow Mountains",698,43
Bencollaghduff,Twelve Bens,696,191
The Paps East,Paps/Derrynasaggart,694,623
Keeper Hill,"Shannon, Keeper Hill",694,627
Ben Creggan,Ben Gorm Mountains,693,88
Caoinkeen,Shehy/Knockboy,692,107
Beann NE Top,Dunkerron Mountains,692,37
Knockaterriff,Galty Mountains,691.6,51
Benbreen,Twelve Bens,691,186
Bencorr North Top,Twelve Bens,690,5
Knocknadobar,Iveragh NW,690,565
The Paps West,Paps/Derrynasaggart,690,106
Benleagh,"Dublin/Wicklow, Wicklow Mountains",689,24
Croaghaun,"Achill/Corraun, Achill",688,688
Ben Creggan South Top,Ben Gorm Mountains,687,72
Corranabinnia SW Top,"North Mayo, Nephin Beg Range",687,62
War Hill,"Dublin/Wicklow, Wicklow Mountains",686,71
Hungry Hill,Caha Mountains,685,400
Knockmoyle,Dunkerron Mountains,684,169
Tomaneena,"Dublin/Wicklow, Wicklow Mountains",682.4,54
Maumtrasna,Partry/Joyce Country,682,607
Carrigvore,"Dublin/Wicklow, Wicklow Mountains",682,67
Caherbarnagh,Paps/Derrynasaggart,681,361
Benbreen Central Top,Twelve Bens,680,25
Slieve Meelmore,Mourne Mountains,680,109
Slieve Bearnagh North Tor,Mourne Mountains,680,10
Knockaterriff Beg,Galty Mountains,679.3,27
Colly,Glenbeigh Horseshoe,679,144
Slieve Snaght,"Donegal NW, Derryveagh Mountains",678,403
Sawel,Sperrin Mountains,678,657
Knocksheegowna,Comeragh Mountains,678,53
Slieve Binnian North Top,Mourne Mountains,678,53
Camaderry South East Top,"Dublin/Wicklow, Wicklow Mountains",677.3,15
Derryclare,Twelve Bens,677,129
Knocknagantee,Dunkerron Mountains,676,101
An Bheann Mhór,Dunkerron Mountains,674.7,289
Benbreen North Top,Twelve Bens,674,16
Croaghgorm,Bluestack Mountains,674,541
Beann na Stiocairí,Dunkerron Mountains,673.1,19
Lavagh More,Bluestack Mountains,671,193
Slievemore,"Achill/Corraun, Achill",671,582
Slievanea NE Top,Central Dingle,670.7,265
Slieve Muck,Mourne Mountains,670.4,155
Slieve Binnian North Tor,Mourne Mountains,670,15
Caherbarnagh NW Top,Paps/Derrynasaggart,668,23
Tonelagee NE Top,"Dublin/Wicklow, Wicklow Mountains",668,23
Muckish,"Donegal NW, Derryveagh Mountains",667.1,523
Finnararagh,Dunkerron Mountains,667,142
Letterbreckaun,Maamturks,667,322
Knocknafallia,Knockmealdown Mountains,666.5,153
Coomura Mountain,Dunkerron Mountains,666,111
Cuilcagh,"Breifne, Cuilcagh Mountains",665,570
Mullaghnarakill,Glenbeigh Horseshoe,665,90
Croaghaun SW Top,"Achill/Corraun, Achill",664,39
Bengower,Twelve Bens,664,196
Croaghanmoira,"Dublin/Wicklow, Wicklow Mountains",664,209
Stumpa Dúloigh SW Top,Dunkerron Mountains,663,58
Camenabologue SE Top,"Dublin/Wicklow, Wicklow Mountains",663,38
Sugarloaf Hill,Knockmealdown Mountains,662.7,117
Binn Mhór,Maamturks,661,406
Mullacor,"Dublin/Wicklow, Wicklow Mountains",661,102
Beenmore,Glenbeigh Horseshoe,660,125
Binn idir an dá Log SE Top,Maamturks,659,31
Knockowen,Caha Mountains,658,373
Beann SW Top,Dunkerron Mountains,657,72
Mount Leinster East Top,Blackstairs Mountains,656.5,32
Chimney Rock Mountain,Mourne Mountains,656,131
Knocknagnauv,Knockmealdown Mountains,655.1,60
Cnoc na dTarbh,MacGillycuddy's Reeks,655,60
Cove Mountain,Mourne Mountains,654.8,99
Muckanaght,Twelve Bens,654,179
Dromderalough NE Top,Mangerton,654,29
Binn an tSaighdiúra,Twelve Bens,653,8
Keadeen Mountain,"Dublin/Wicklow, Wicklow Mountains",653,334
Ballineddan Mountain,"Dublin/Wicklow, Wicklow Mountains",652,27
Knockshanahullion,Knockmealdown Mountains,652,317
Lugduff,"Dublin/Wicklow, Wicklow Mountains",652,97
Dooish,"Donegal NW, Derryveagh Mountains",651.5,376
Been Hill,Glenbeigh Horseshoe,651,46
Hag's Tooth,MacGillycuddy's Reeks,650,15
Crohane,Mangerton,650,385
Lavagh Beg,Bluestack Mountains,650,93
Dromderalough,Mangerton,650,45
Mullaghanish,Paps/Derrynasaggart,649,264
Knockboy North Top,Shehy/Knockboy,649,14
An Cnapán Mór,Central Dingle,649,81
Coomcallee,Dunkerron Mountains,648.9,103
Seahan,"Dublin/Wicklow, Dublin Mountains",647.3,93
Truskmore,Dartry Mountains,647,560
Devilsmother,Partry/Joyce Country,645,280
Coomnadiha,Caha Mountains,644,209
Musheramore,Boggeragh Mountains,642.7,439
Ardnageer,Bluestack Mountains,642,77
Tonduff,"Dublin/Wicklow, Wicklow Mountains",642,117
Cnoc na Bánóige,Central Dingle,641.6,176
Cush,Galty Mountains,641.2,176
Croaghbane,Bluestack Mountains,641,76
Scarr,"Dublin/Wicklow, Wicklow Mountains",641,231
Knocklomena,Dunkerron Mountains,641,406
Binn Mhór NE Top,Maamturks,640,15
Drung Hill,Glenbeigh Horseshoe,640,35
Slieve Corragh,Mourne Mountains,640,15
Beann South Top,Dunkerron Mountains,639,64
Cnoc na gCapall,Dunkerron Mountains,639,334
Eagle Mountain,Mourne Mountains,638,263
Benfree,Twelve Bens,638,48
Knocknamanagh,Shehy/Knockboy,637,139
Lugduff SE Top,"Dublin/Wicklow, Wicklow Mountains",637,22
Beann Far SW Top,Dunkerron Mountains,636.2,24
Lobawn,"Dublin/Wicklow, Wicklow Mountains",636,111
Coomnacronia,Dunkerron Mountains,636,71
Mullaghclogha,Sperrin Mountains,635,207
Kells Mountain,Iveragh NW,633,138
Binn Chaonaigh,Maamturks,633,108
Bencullagh,Twelve Bens,632,154
Truskmore SE Cairn,Dartry Mountains,631,0
Boughil,Dunkerron Mountains,631,86
White Hill,"Dublin/Wicklow, Wicklow Mountains",630.9,12
Monabrack,Galty Mountains,630.1,94
Slieve Binnian East Top,Mourne Mountains,630,15
Binn Mhor East Top,Maamturks,630,14
Laghtshanaquilla,Galty Mountains,629.4,36
Knocknalougha,Knockmealdown Mountains,629,84
Slievanea,Central Dingle,628.7,22
Glennamong,"North Mayo, Nephin Beg Range",628,139
Knockanaffrin South Top,Comeragh Mountains,628,13
Mullaghaneany,Sperrin Mountains,627,302
Nephin Beg,"North Mayo, Nephin Beg Range",627,365
Shanlieve,Mourne Mountains,626,31
Ardnageer SW Top,Bluestack Mountains,626,21
Dromderalough North-West Top,Mangerton,625,12
Knocknamanagh NE Top,Shehy/Knockboy,625,60
Ballysitteragh,Brandon Group,623,218
Mullach Glas,Maamturks,622,87
Maulin,Caha Mountains,621,226
Seefin,"Dublin/Wicklow, Dublin Mountains",620.6,22
Meenard Mountain,Sperrin Mountains,620,85
Dart Mountain,Sperrin Mountains,619,89
Leenaun Hill,Maamturks,618,363
Corrig Mountain,"Dublin/Wicklow, Dublin Mountains",617.1,28
Slieve Loughshannagh,Mourne Mountains,617,104
Coumaraglin Mountain,"Comeragh Mountains, Monavullagh Mountains",617,102
Glennagleragh Mtn,Partry/Joyce Country,617,12
Slieve Snaght,Inishowen,615,600
Binn Mhairg,Maamturks,612,15
Kells Mountain East Top,Iveragh NW,612,27
Tievebaun,Dartry Mountains,611,106
Coombane,Central Dingle,610,42
Knockbrack,Mangerton,610,45
Corcogemore,Maamturks,609,221
Beennabrack,Brandon Group,608.5,23
Stoompa East Top,Mangerton,608,23
Croaghskearda,Central Dingle,608,13
Macklaun,Glenbeigh Horseshoe,607,52
Knocknahillion,Maamturks,607,152
Croghan Kinsella,"Dublin/Wicklow, Wicklow Mountains",606,541
Carran,Shehy/Knockboy,604,237
Lackabane,Caha Mountains,603,288
Baurtregaum Far NE Top,Slieve Mish,603,28
Gullaba Hill,Shehy/Knockboy,603,38
Binn Bhriocáin NE Top,Maamturks,603,28
Aghla Beg (South),"Donegal NW, Derryveagh Mountains",602.3,368
Black Hill,"Dublin/Wicklow, Wicklow Mountains",602.2,67
Knocknadobar North Top,Iveragh NW,602,17
Maumonght,Twelve Bens,602,54
Knockeenatoung,Galty Mountains,601.3,66
Devilsmother Far North Top,Partry/Joyce Country,601,26
Eskatarriff,Caha Mountains,600.5,135
Lough Curra Mtn,Galty Mountains,600.4,23
Silver Hill,Bluestack Mountains,600,155
Castle Hill,Slieve Mish,600,35
Black Rock Mountain,Blackstairs Mountains,599.6,28
Sorrel Hill,"Dublin/Wicklow, Wicklow Mountains",599.5,154
Coomacloghane,Caha Mountains,599,104
Laghtshanaquilla North-East Top,Galty Mountains,598,19
Garraun,Twelve Bens,598,553
Annacoona Top,Dartry Mountains,597,212
Croaghgorm South-West Top,Bluestack Mountains,597,19
Slieve League,Donegal SW,596.4,470
Drumnalifferny Mountain,"Donegal NW, Derryveagh Mountains",596,101
Binn Mhor West Top,Maamturks,596,28
Slieve Beg,Mourne Mountains,595.9,40
Luggala,"Dublin/Wicklow, Wicklow Mountains",595,110
Bascadh,Dunkerron Mountains,595,110
Devilsmother North Top,Partry/Joyce Country,595,12
Croaghgorm East Top,Bluestack Mountains,594,16
Mullaghanattin East Top,Dunkerron Mountains,594,26
Cushnaficulla,Caha Mountains,594,59
Aghla Mountain,Bluestack Mountains,593,388
Keamconneragh,Glenbeigh Horseshoe,593,18
Knockmulanane,Central Dingle,593,48
Tonduff East Top,"Dublin/Wicklow, Wicklow Mountains",593,15
Doan,Mourne Mountains,592.6,118
Knocknabro West Top,Paps/Derrynasaggart,592,147
Tooth Mountain,Caha Mountains,592,42
Beenatoor,Central Dingle,592,66
Cnoc Breasail,Dunkerron Mountains,591,56
Coomnahorna,Dunkerron Mountains,590,136
Tievnabinnia East Top,Sheeffry Hills,590,55
Slieve Foye,"Cooley/Gullion, Cooley Mountains",589,494
Aghla Mountain South Top,Bluestack Mountains,589,12
Buckoogh,"North Mayo, Nephin Beg Range",588,423
Mullaghanish North-East Top,Paps/Derrynasaggart,586.4,28
Caherbla,Slieve Mish,586,91
Glendoo Mountain,"Dublin/Wicklow, Dublin Mountains",586,109
Slievenaglogh,Mourne Mountains,586,41
Knocknagree,Caha Mountains,586,131
Carn Mountain,Mourne Mountains,585.2,50
Slieve Anierin,"Breifne, Iron Mountains",585,245
Benchoona East Top,Twelve Bens,585,15
Drumnalifferny North-East Top,"Donegal NW, Derryveagh Mtns",585,25
Caha South-East Top,Caha Mountains,585,15
Knockastakeen,Galty Mountains,583,78
Bengorm,"North Mayo, Nephin Beg Range",582,225
Benbrack,Twelve Bens,582,264
Aghla More,"Donegal NW, Derryveagh Mountains",581.2,156
Benchoona,Twelve Bens,581,36
Mullaghasturrakeen,Sperrin Mountains,581,46
Barrclashcame North-West Top,Sheeffry Hills,580,45
Maulin North Top,Caha Mountains,579,21
Bingorms,"Donegal NW, Derryveagh Mountains",578,33
Finlieve,Mourne Mountains,578,20
Slievenashaska,Dunkerron Mountains,578,123
Glascarns Hill,Bluestack Mountains,578,20
Meall Cheo,Maamturks,578,20
Benlettery,Twelve Bens,577,62
Knockeirky,Caha Mountains,577,30
Bencorrbeg,Twelve Bens,577,42
Slieve League South-East Top,Donegal SW,576.7,24
Slievenaglogh East Top,Mourne Mountains,575,12
Croaghanmoira North Top,"Dublin/Wicklow, Wicklow Mountains",575,27
Bunnacunneen,Partry/Joyce Country,575,463
Brassel Mountain,MacGillycuddy's Reeks,575,50
Sugarloaf Mountain,Caha Mountains,574,126
Knocknagowan,Paps/Derrynasaggart,574,37
Skregbeg,MacGillycuddy's Reeks,573,78
Slieve Gullion,"Cooley/Gullion, Slieve Gullion",573,478
Carrigshouk,"Dublin/Wicklow, Wicklow Mountains",572.5,30
Mullaghclogher,Sperrin Mountains,572,127
Maumtrasna North-East Top,Partry/Joyce Country,572,14
Lackawee,Caha Mountains,572,67
Fair Mountain,"Dublin/Wicklow, Wicklow Mountains",571.2,18
Croaghnageer,Bluestack Mountains,571,266
Carrig Mountain,"Dublin/Wicklow, Wicklow Mountains",571,13
Sallagh,Dunkerron Mountains,570,32
Maulin,"Dublin/Wicklow, Wicklow Mountains",570,70
Bascadh West Top,Dunkerron Mountains,569,21
Knockaunanattin,Dunkerron Mountains,569,54
Oughtmore,Sperrin Mountains,569,104
Knocknabreeda,Dunkerron Mountains,569,74
Tomies North Top,Purple Mountain,568,20
Spelhoagh,Sperrin Mountains,568,20
Mullaghdoo,Sperrin Mountains,568,20
Carran South Top,Shehy/Knockboy,567,42
Conigar,Shehy/Knockboy,566,131
Slievenashaska South Top,Dunkerron Mountains,566,36
Moanlaur,Slieve Mish,566,289
Sugarloaf Mtn West Top,Caha Mountains,565,27
Gaugin Mountain,Bluestack Mountains,565,290
Knockmore,Slieve Mish,565,27
Meenteog South-East Top,Glenbeigh Horseshoe,565,17
Slievenamon North-West Top,"South Midlands, Slievenamon",564,13
Birreencorragh South Top,"North Mayo, Nephin Beg Range",564,59
Aghla Beg,"Donegal NW, Derryveagh Mountains",563.9,42
Knockmulanane West Top,Central Dingle,563,15
Table Mountain West Top,"Dublin/Wicklow, Wicklow Mountains",563,15
Croghan Kinsella East Top,"Dublin/Wicklow, Wicklow Mountains",562.1,21
Carnanelly,Sperrin Mountains,562,307
Knockacullion,"Breifne, Iron Mountains",562,57
Carrignagunneen,"Dublin/Wicklow, Wicklow Mountains",561,12
Croaghgorm Far South-West Top,Bluestack Mountains,561,22
Barnanageehy,Slieve Mish,561,56
Scarr North-West Top,"Dublin/Wicklow, Wicklow Mountains",561,13
Carran Far North-East Top,Shehy/Knockboy,561,36
Sugarloaf Mtn Far West Top,Caha Mountains,560,85
Ben Beg,Partry/Joyce Country,560,135
Slievemoughanmore,Mourne Mountains,560,154
Knockmeal,Knockmealdown Mountains,559.5,57
Ben Goram,Croagh Patrick,559,74
Mullaghanish Far North-East Top,Paps/Derrynasaggart,558.5,20
Barrlugrevagh,Maamturks,558,17
Brockagh Mountain,"Dublin/Wicklow, Wicklow Mountains",557,32
Garraun South Top,Twelve Bens,556,31
Leenaun Hill Far North-West Top,Maamturks,556,28
Knocknagun,"Dublin/Wicklow, Dublin Mountains",555,63
Carran North-East Top,Shehy/Knockboy,555,15
Caha Far South-East Top,Caha Mountains,555,15
Prince William's Seat,"Dublin/Wicklow, Dublin Mountains",555,63
Caoinkeen South-East Top,Shehy/Knockboy,555,15
Mackoght,"Donegal NW, Derryveagh Mountains",555,150
Peakeen Mountain,Mangerton,554.7,280
Knockrower,Mangerton,554,59
Derryclancy,Caha Mountains,554,109
Dooish South-East Top,"Donegal NW, Derryveagh Mountains",553.9,38
Carn Mountain North Top,Mourne Mountains,553.7,13
Sheegouna,"South Midlands, Slievenamon",553.5,15
Knocknagantee West Top,Dunkerron Mountains,553,15
Sugarloaf,"Dublin/Wicklow, Wicklow Mountains",552,14
Dromavally Mountain,Central Dingle,552,206
Birreencorragh West Top,"North Mayo, Nephin Beg Range",551,36
Mullaghmore,Sperrin Mountains,550,235
Trostan,Antrim Hills,550,515
Búcán,Maamturks,550,45
Garraun South-West Top,Twelve Bens,549,21
Eagles Hill,Dunkerron Mountains,549,234
Caherbarnagh East Top,Paps/Derrynasaggart,549,16
Croaghanirwore,Bluestack Mountains,548,93
Brockagh Mountain North-West Top,"Dublin/Wicklow, Wicklow Mountains",548,20
Slieve Maan,"Dublin/Wicklow, Wicklow Mountains",547.8,92
Knocknacusha,Dunkerron Mountains,547,252
Slieve Maan North Top,"Dublin/Wicklow, Wicklow Mountains",546.1,12
Croaghnageer East Top,Bluestack Mountains,546,28
Tonlagee South-East Top,"Dublin/Wicklow, Wicklow Mountains",546,18
Shehy More,Shehy/Knockboy,545.6,351
Knockalongy,Ox Mountains,544,490
Church Mountain,"Dublin/Wicklow, Wicklow Mountains",544,129
Sallagh South-West Top,Dunkerron Mountains,543,15
Slievenanee,Antrim Hills,543,98
Mauherslieve,"Shannon, Mauherslieve",543,268
Mullaghcarn,Sperrin Mountains,542,377
The Playbank,"Breifne, Iron Mountains",542,187
Sturrakeen,Galty Mountains,541.7,46
Knocknahillion North Top,Maamturks,541,36
Knockalongy North-East Top,Ox Mountains,541,13
Slieve Aghkerane,"Achill/Corraun, Corraun",541,506
Crossone,Mourne Mountains,540,12
Foilastookeen,Shehy/Knockboy,540,20
Knockroe,Blackstairs Mountains,540,95
Benbeg,"Breifne, Cuilcagh Mountains",539,34
Moylenanav,"Donegal NW, Glendowan Mountains",539,294
Bunnacunneen South Top,Partry/Joyce Country,539,21
Peakeen Mountain West Top,Mangerton,538.7,93
Killane Mountain,Caha Mountains,537,82
White Mountain,Sperrin Mountains,537,42
Bealick,Shehy/Knockboy,537,19
Two Rock Mountain,"Dublin/Wicklow, Dublin Mountains",536,171
Ballycurragh Hill,"Dublin/Wicklow, Wicklow Mountains",536,221
Nowen Hill,Shehy/Knockboy,535.2,300
Torc Mountain,Mangerton,535,300
Knocknabro North-East Top,Paps/Derrynasaggart,535,15
Slieve Foye North-West Top,"Cooley/Gullion, Cooley Mountains",535,15
An Cnoc Riabhach,Dunkerron Mountains,534,79
Knocknacloghoge,"Dublin/Wicklow, Wicklow Mountains",534,129
Pigeon Rock Mountain,Mourne Mountains,534,139
Slieve Croob,"Mourne Mountains, Slieve Croob",534,439
Killane Mountain South-West Top,Caha Mountains,533,21
Eskatarriff East Top,Caha Mountains,532.7,38
Knockboy South Top,Shehy/Knockboy,532,37
Moylussa,"Shannon, Slieve Bernagh",531.6,501
Tawnyanruddia,"North Mayo, Nephin Beg Range",531,23
Corriebracks,"Dublin/Wicklow, Wicklow Mountains",531,116
Ballinacor Mountain,"Dublin/Wicklow, Wicklow Mountains",531,56
Nareera,Caha Mountains,530,35
Knocknabro East Top,Paps/Derrynasaggart,530,27
Pigeon Rock Mountain South Top,Mourne Mountains,530,20
Coomataggart,Shehy/Knockboy,530,75
Crockfadda,"Donegal NW, Derryveagh Mountains",529,80
Dooish South-West Top,"Donegal NW, Derryveagh Mtns",528,20
The Eagles Rock,"Cooley/Gullion, Cooley Mountains",528,29
Seefin Mountain W Top,Ballyhoura Mountains,528,383
Slieve Gallion,Sperrin Mountains,528,333
Arderin,Slieve Bloom,527,420
Ott Mountain,Mourne Mountains,526.8,31
Doughruagh,Twelve Bens,526,211
Cragnamurragh,"Shannon, Slieve Bernagh",526,51
Benbulbin,Dartry Mountains,526,61
Crockbrack,Sperrin Mountains,526,151
Ben Crom,Mourne Mountains,526,81
Peakeen Mountain Far North-West Top,Mangerton,525.5,22
Dart Mountain North-West Top,Sperrin Mountains,525,12
Tievnabinnia South-East Top,Sheeffry Hills,525,15
Doughruagh South Top,Twelve Bens,525,17
Mullaghcarn South Top,Sperrin Mountains,525,12
Slievebawn,Blackstairs Mountains,524.8,89
Corraun Hill,"Achill/Corraun, Corraun",524,103
Tooreennamna,Caha Mountains,524,24
Rocky Mountain,Mourne Mountains,524,60
Kanturk,"Dublin/Wicklow, Wicklow Mountains",523,15
Arroo Mountain,Dartry Mountains,523,436
Knockeirky South Top,Caha Mountains,523,25
Croaghconnellagh,Bluestack Mountains,523,268
Peakeen Mountain North-West Top,Mangerton,522.7,17
Droppa,Caha Mountains,522,24
Knockalongy South-West Top,Ox Mountains,521,23
Carnaween,Bluestack Mountains,521,166
Croaghnageer North-East Top,Bluestack Mountains,521,13
Crohan West,Knockmealdown Mountains,521,76
Laghtnafrankee,Comeragh Mountains,520,126
The Priests Leap,Shehy/Knockboy,519,54
Knocknalougha South Top,Knockmealdown Mountains,518.6,12
Farbreaga,Knockmealdown Mountains,518,69
Knocklaur,Partry/Joyce Country,518,43
Bencroy,"Breifne, Iron Mountains",518,83
Crocknafarragh,"Donegal NW, Derryveagh Mountains",517,172
Knockaffertagh,"North Mayo, Nephin Beg Range",517,92
Mullaghcarbatagh,Sperrin Mountains,517,32
Crow Hill,Knockmealdown Mountains,516.8,20
Mount Eagle,Dingle West,516,461
Benglenisky,Twelve Bens,516,48
Barnahowna,Partry/Joyce Country,516,71
Beenduff,Slieve Mish,515,40
Brandon Hill,"South Midlands, Brandon Hill",515,450
Slieve Main,Inishowen,514,100
Benwiskin,Dartry Mountains,514,39
Knocklayd,Antrim Hills,514,389
An Bhinn Láir,Dunkerron Mountains,514,65
Stillbrook Hill,Slieve Bloom,514,79
Annatoran,Ox Mountains,512,97
Slievetooey,Donegal SW,511,376
Coombane,Caha Mountains,510,13
Cummeenbaun,Caha Mountains,510,35
Cullentragh Mountain,"Dublin/Wicklow, Wicklow Mountains",510,12
Clermont Carn,"Cooley/Gullion, Cooley Mountains",510,312
Lugnademon,Croagh Patrick,510,12
Tawny Rower,Sheeffry Hills,510,95
Seefin Mountain E Top,Ballyhoura Mountains,510,35
Knocknaveacal North Top,Caha Mountains,509.1,26
Coomataggart South-West Top,Shehy/Knockboy,509,21
Mullaghbeg,Dunkerron Mountains,509,64
Knockanaguish,Mangerton,509,178
White Mountain,Blackstairs Mountains,509,134
Baunreaghcong,Slieve Bloom,509,74
Devilsmother South Top,Partry/Joyce Country,509,11
Nowen Hill SW Top,Shehy/Knockboy,509,44
Robber's Pass Hill,"Dublin/Wicklow, Wicklow Mountains",508.9,22
Benwiskin South Top,Dartry Mountains,508,20
Slieveanorra,Antrim Hills,508,178
Carrickashane Mountain,"Dublin/Wicklow, Wicklow Mountains",508,43
Knocknaveacal South Top,Caha Mountains,507.2,23
Knocknagorraveela,Caha Mountains,507,152
Saggartnadooish,"Donegal NW, Derryveagh Mountains",506.4,61
Coomagearlahy,Paps/Derrynasaggart,506,181
Mothaillín,Dunkerron Mountains,506,92
Carran Far North Top,Shehy/Knockboy,506,41
Nareera South-West Top,Caha Mountains,505,12
Binnasruell,Bluestack Mountains,505,42
Cock Mountain South-West Top,Mourne Mountains,505,12
Carnanelly West Top,Sperrin Mountains,505,30
Benbulbin South-East Top,Dartry Mountains,505,12
Seefin South-East Top,Ballyhoura Mountains,504,16
Cock Mountain,Mourne Mountains,504,130
Nareera North Top,Caha Mountains,503,15
Knockahunna,"South Midlands, Slievenamon",502.8,43
Raghtin More,Inishowen,502,407
Benbrack,"Breifne, Iron Mountains",502,147
Caunoge,Glenbeigh Horseshoe,502,127
Crockfadda North-East Top,"Donegal NW, Derryveagh Mountains",502,37
Claggan Mountain NE Top,"North Mayo, Nephin Beg Range",501,146
Common Mountain,Donegal SW,501,316
Great Sugar Loaf,"Dublin/Wicklow, Wicklow Mountains",501,216
Knockreagh,Caha Mountains,500,65
Crott Mountain,Croagh Patrick,500,74
Butter Mountain,Mourne Mountains,500,95
Cahernageeha Mountain,Dunkerron Mountains,499,121
Croaghbarnes,Bluestack Mountains,499,54
Musherabeg,Boggeragh Mountains,498.8,122
Brown's Hill,Bluestack Mountains,498,33
Barnastooska,Shehy/Knockboy,497,92
Crocknapeast,Donegal SW,497,113
Foilclogh,Iveragh NW,497,352
Slieve Gallion NE Top,Sperrin Mountains,496,46
Benbrack NE Top,"Breifne, Iron Mountains",496,51
Mweelrea SE Spur,Mweelrea Mountains,495,70
Carrigroe,Blackstairs Mountains,495,30
Crocknasharragh,"Donegal NW, Derryveagh Mountains",495,80
Beenreagh,Glenbeigh Horseshoe,495,100
Buckaun East,Partry/Joyce Country,495,20
Mullaghmesha,Shehy/Knockboy,494.3,209
Bulbin,Inishowen,494,299
Lugnabrick SW Top,Partry/Joyce Country,494,12
Lugnabrick NE Top,Partry/Joyce Country,494,99
Crownarad,Donegal SW,493,208
Seefin,Glenbeigh Horseshoe,493,168
Derrygarriff,Mangerton,492,128
Learmount Mtn S Top,Sperrin Mountains,492,23
Seefin,Boggeragh Mountains,491,61
Seefin E Top,Boggeragh Mountains,491,61
Knockoura,Slieve Miskish,490,395
Crossderry,Dunkerron Mountains,489,54
Silvermine Mountains W Top,"Shannon, Silvermine Mountains",489,214
Baurearagh Mountain,Caha Mountains,489,34
Learmount Mountain,Sperrin Mountains,489,34
Crockglass,"Donegal NW, Derryveagh Mountains",489,44
Maumturkmore,Maamturks,488,133
Teevenacroaghy,Croagh Patrick,487,43
Mweelin,Shehy/Knockboy,487,90
Wolftrap Mountain,Slieve Bloom,487,42
Knocknanask,Knockmealdown Mountains,486,131
Staghall Mountain,"Donegal NW, Derryveagh Mountains",486,71
Glanbeg,Dunkerron Mountains,485.8,26
Slievenagower,Central Dingle,485.8,120
Crockfadda,"Donegal NW, Derryveagh Mountains",485,110
Slievemartin,Mourne Mountains,485,180
Mullaghsallagh,Sperrin Mountains,485,40
Barcam,Slieve Bloom,484,49
Crohaun,"Comeragh Mountains, Monavullagh Mountains",484,149
Scalp Mountain,Inishowen,484,289
Ridge of Capard,Slieve Bloom,483,48
Cnoc na Stuaice,Slieve Mish,483,28
Aganny Top,Dartry Mountains,482,37
Carroll's Hill,Slieve Bloom,482,37
Meenard Mtn W Top,Sperrin Mountains,480,45
Maumlack,"Donegal NW, Derryveagh Mountains",480,29
Mullaghash,Sperrin Mountains,480,185
Ballinafunshoge,"Dublin/Wicklow, Wicklow Mountains",480,92
Crockballaghgeeha,"Donegal NW, Derryveagh Mountains",480,65
Devilsbit Mountain,"Shannon, Devilsbit",480,344
Croaghnasaggart,"Donegal NW, Derryveagh Mountains",480,25
Benard,Galty Mountains,479.5,84
An Bhinn Dubh,Brandon Group,479.2,50
Bunnacunneen SE Top,Partry/Joyce Country,479,34
Silvermine Mountains E Top,"Shannon, Silvermine Mountains",479,55
Beenduff,Iveragh NW,479,32
Saggartnadooish E Top,"Donegal NW, Derryveagh Mountains",478.9,33
Curracahill,Paps/Derrynasaggart,478,32
Divis,Belfast Hills,478,380
Bohilbreaga,Sperrin Mountains,478,43
Cummeen,Central Dingle,477,162
Crohane SW Top,Mangerton,477,32
Benbaun,Twelve Bens,477,42
Maumthomas SW Top,"North Mayo, Nephin Beg Range",477,40
Beenbo,Central Dingle,476.7,48
Douce Mountain,Shehy/Knockboy,476,211
Cullaghacro,Bluestack Mountains,476,31
Croveenananta,Bluestack Mountains,476,221
Carnavaddy,"Cooley/Gullion, Cooley Mountains",475,80
Mulnanaff,Donegal SW,475,57
Feorus East,Caha Mountains,474,99
Agnew's Hill,Antrim Hills,474,289
Kirikee Mountain,"Dublin/Wicklow, Wicklow Mountains",474,99
Derrybawn Mountain,"Dublin/Wicklow, Wicklow Mountains",474,34
Tievedockaragh,Mourne Mountains,473,48
Ardloughnabrackbaddy,"Donegal NW, Derryveagh Mountains",472.5,28
Slievemeen,Mourne Mountains,472,37
Coomhola Mountain,Shehy/Knockboy,472,37
Lackabaun,Shehy/Knockboy,472,36
Slievetooey W Top,Donegal SW,472,117
Balbane Hill,Donegal SW,472,27
Cró na Roda SW Top,Donegal SW,471,26
Doughill Mountain,Shehy/Knockboy,471,209
Crocknalaragagh,"Donegal NW, Derryveagh Mountains",470.6,186
Torc Mountain W Top,Mangerton,470,32
Maughanaclea Hills E Top,Shehy/Knockboy,470,136
Brockagh Mountain SE Top,"Dublin/Wicklow, Wicklow Mountains",470,25
Crocknafarragh SE Top,"Donegal NW, Derryveagh Mountains",470,15
Loughsalt Mountain,Donegal NW,469,364
Derroograne,Shehy/Knockboy,468,93
Farraniaragh Mountain,Dunkerron Mountains,468,64
Bengorm NW Top,"North Mayo, Nephin Beg Range",468,43
Knockaunanattin W Top,Dunkerron Mountains,467,32
Cooneen Hill,Shannon,467,182
Mullaghbane,Sperrin Mountains,467,32
Tibradden Mountain,"Dublin/Wicklow, Dublin Mountains",467,30
Minaun,"Achill/Corraun, Achill",466,411
Knocknagapple,Glenbeigh Horseshoe,466,51
Lack Mountain,Slieve Mish,465,40
Benbradagh,Sperrin Mountains,465,171
Slievereagh,Ballyhoura Mountains,464.5,309
Knocknagorraveela NE Top,Caha Mountains,464,29
Carntogher,Sperrin Mountains,464,138
Carrigalachan,Blackstairs Mountains,463,58
Benbrack W Top,"Breifne, Iron Mountains",463,58
Crockauns,"Dartry Mountains, Castlegal Hills",463,388
Knockmore,Achill/Corraun,462,462
Dough Mountain,Dartry Mountains,462,267
Kings Mountain,Dartry Mountains,462,27
Coomagearlahy W Top,Paps/Derrynasaggart,462,29
Knockullane,Paps/Derrynasaggart,462,56
Knockbwee,Paps/Derrynasaggart,461,106
Knocknagree E Top,Caha Mountains,461,36
Cullaun,"Shannon, Slieve Felim",460,255
Slievetooey Far W Top,Donegal SW,460,55
Craigagh Hill,Sperrin Mountains,460,35
Crockmain,Inishowen,460,45
Crenville,Mourne Mountains,460,45
Barraboy Mountain,Shehy/Knockboy,460,95
Millstone Mountain,Mourne Mountains,460,25
Wee Binnian,Mourne Mountains,460,45
Beann Bhán,MacGillycuddy's Reeks,459.5,96
Skerry Hill,Antrim Hills,459,74
Staigue Top,Dunkerron Mountains,459,74
Knockbrack,Slieve Mish,459,36
Slievenalecka,Central Dingle,458.4,71
Knockbrack S Top,Shehy/Knockboy,458,73
Carrane Hill,Arigna Mountains,458,408
Gortagarry,"Shannon, Devilsbit",458,213
Knocknagapple N W Top,Glenbeigh Horseshoe,458,42
Tooreen,Shannon,457,212
Tountinna,"Shannon, Arra Mountains",457,402
The Ravens Rock,"Cooley/Gullion, Cooley Mountains",457,62
Grogan More,"Donegal NW, Derryveagh Mountains",457,62
Barraboy Mtn Far E Top,Shehy/Knockboy,456,61
Knocknagussy,Partry/Joyce Country,456,101
Barnes Top,Sperrin Mountains,456,78
Croaghaun,Blackstairs Mountains,455.5,120
Benduff,"Shannon, Devilsbit",455,60
Carriglineen Mountain,"Dublin/Wicklow, Wicklow Mountains",455,85
Maumonght SW Top,Twelve Bens,454,29
Crockfadda E Top,"Donegal NW, Derryveagh Mountains",454,29
Annagh Hill,"Dublin/Wicklow, Wicklow Mountains",454,231
Boviel Top,Sperrin Mountains,454,49
Bennaunmore,Mangerton,454,149
Binbane,Bluestack Mountains,453,138
Beann Dubh,MacGillycuddy's Reeks,452,27
Knockfune,"Shannon, Keeper Hill",452,68
Claragh Mountain,Paps/Derrynasaggart,452,128
Maughanaclea Hills W Top,Shehy/Knockboy,452,37
Knockletragh,"Achill/Corraun, Corraun",452,309
Keeloges,Dartry Mountains,452,87
Copes Mountain,"Dartry Mountains, Castlegal Hills",452,67
Milk Hill,"Comeragh Mountains, Monavullagh Mountains",451,36
Baraveha,"W Limerick/N Kerry, Mullaghareirk Mountains",451,299
Croaghonagh,S Donegal/W Tyrone,451,266
Knockantooreen,Shehy/Knockboy,450,25
Beendarrig,MacGillycuddy's Reeks,449.7,76
Coomclogherane Top,Shehy/Knockboy,449,44
Lackagh Mountain,Dartry Mountains,449,344
Slieveanard NE Top,Galty Mountains,448.5,64
Carn Hill,Sperrin Mountains,448,63
Clermont Carn NE Top,"Cooley/Gullion, Cooley Mountains",448,23
Banoge North Top,Central Dingle,447.6,51
Ballyteige,"Dublin/Wicklow, Wicklow Mountains",447,84
Carron Mountain,Ballyhoura Mountains,446.7,75
Seefin,Galty Mountains,446.6,41
Lugnagun,"Dublin/Wicklow, Wicklow Mountains",446.2,43
Glennagalliagh Mountain,"Shannon, Slieve Bernagh",446,40
Shehy More SW Top,Shehy/Knockboy,446,27
Slievenisky,"Mourne Mountains, Slieve Croob",446,41
Kilduff Mountain,"Shannon, Devilsbit",445,30
Gortnagarn,Dartry Mountains,445,20
Slievenaglogh,Mourne Mountains,445,160
Seefin N Top,Galty Mountains,444.1,39
Clermont,"Cooley/Gullion, Cooley Mountains",444,29
Slievebaun,Blackstairs Mountains,444,29
Slievenamiskan,Mourne Mountains,444,39
Cronamuck,Bluestack Mountains,444,89
Knockastanna,Shannon,444,190
Cummeenboy,Paps/Derrynasaggart,442,67
Knocknagree SE Top,Caha Mountains,442,27
Mullaghbolig,Sperrin Mountains,442,127
Thur Mountain,Dartry Mountains,442,227
Knockbrack,Twelve Bens,442,55
Leahanmore,"Donegal NW, Glendowan Mountains",442,257
Diamond Hill,Twelve Bens,442,277
Naweeloge Top,Dartry Mountains,441,106
Knockanbane Mountain,Sperrin Mountains,441,26
Little Carron,Ballyhoura Mountains,440.2,34
Foildarg,Shannon,440,205
Cloonacool,Ox Mountains,440,35
Croaghagranagh,Bluestack Mountains,440,25
Knockbrack,Shehy/Knockboy,440,25
Maumthomas NE Top,"North Mayo, Nephin Beg Range",440,56
Mid Hill,Antrim Hills,440,164
Strickeen,MacGillycuddy's Reeks,440,45
Boolatin Top,"Shannon, Keeper Hill",440,35
Binn Bhán NE Top,Bluestack Mountains,439,38
Croaghnameal,S Donegal/W Tyrone,438,143
Keelogyboy Mountain,"Dartry Mountains, Castlegal Hills",438,143
Slemish,Antrim Hills,437.9,152
Slieveanard,Galty Mountains,437.8,33
Coolfree Mountain,Ballyhoura Mountains,436.8,121
Carncormick,Antrim Hills,436,91
Tawnyard,Sheeffry Hills,436,51
Crockrawer,Donegal SW,435.2,28
Meenanea,Bluestack Mountains,435,30
Staigue N E Top,Dunkerron Mountains,435,37
Coomnalack Top,Caha Mountains,435,30
Cúlóg,Maamturks,435,77
Keelogyboy Mtn NE Top,"Dartry Mountains, Castlegal Hills",435,40
Knockcraugh,Boggeragh Mountains,434,29
Knockanora,"Shannon, Devilsbit",433,248
Knockbane,Shannon,433,158
Knocksculloge,Knockmealdown Mountains,432.6,54
Mullach Glas NE Top,Maamturks,432,17
Aghalateeve,Dartry Mountains,432,27
Mount Eagle,"W Limerick/N Kerry, Mullaghareirk Mountains",431,83
Ballycumber Hill,"Dublin/Wicklow, Wicklow Mountains",431,236
Faill an tSáis,Brandon Group,430.6,106
Broemountain,Knockmealdown Mountains,430.4,125
Knocknasheega,Knockmealdown Mountains,430.4,53
Farbreague,Slieve Bloom,430,45
Corick Mountain,Sperrin Mountains,430,35
Croaghmoyle,North Mayo,430,372
Sleamaine,"Dublin/Wicklow, Wicklow Mountains",430,42
Crockmulroney,"Donegal NW, Derryveagh Mountains",430,45
Trooperstown Hill,"Dublin/Wicklow, Wicklow Mountains",430,251
Collin Top,Antrim Hills,429,34
Tievealehid,"Donegal NW, Gweedore",429,304
Boultypatrick,Bluestack Mountains,429,171
Cloghmeen Hill,Bluestack Mountains,429,71
Cratlieve,"Mourne Mountains, Slieve Croob",429,84
Wee Slievemoughan,Mourne Mountains,428,33
Seltannasaggart,Arigna Mountains,428,137
Anglesey Mountain,"Cooley/Gullion, Cooley Mountains",428,33
Slieve Felim,"Shannon, Slieve Felim",427,86
Knockalough,Shannon,427,205
Leahan,Donegal SW,427,202
Moneyteige North,"Dublin/Wicklow, Wicklow Mountains",427,47
Mount Eagle,"North Mayo, Nephin Beg Range",427,52
Knocknaskagh,Nagles Mountains,426.5,293
Scraigs,Bluestack Mountains,426,231
Ring Hill,Shannon,426,101
Knockeirka,Caha Mountains,426,181
Fananierin,"Dublin/Wicklow, Wicklow Mountains",426,42
Knockacommeen,Paps/Derrynasaggart,426,44
Rinavore,Partry/Joyce Country,426,242
Laghtnafrankee SW Top,Comeragh Mountains,425,30
Coolcurtoga,Paps/Derrynasaggart,425,90
Carntreena,"Donegal NW, Gweedore",425,70
Knockbrack,MacGillycuddy's Reeks,425,70
Greenoge,Blackstairs Mountains,425,80
Carrigawaddra,Mangerton,425,50
Bohaun,Partry/Joyce Country,424,158
Seefin,Nagles Mountains,424,40
Mullaleam,"Breifne, Cuilcagh Mountains",424,99
Agow Top,Dartry Mountains,423,38
Mamore Hill,Inishowen,423,118
Carrigalougha,Shehy/Knockboy,423,77
Slieve Felim E Top,"Shannon, Slieve Felim",423,69
Coolnasillagh Mountain,Sperrin Mountains,423,48
Camlough Mountain,"Cooley/Gullion, Slieve Gullion",423,288
Knocknakilton,Central Dingle,423,79
Taobh Dubh,Maamturks,422,34
Conwal North,Dartry Mountains,421,136
Farscallop,"Donegal NW, Glendowan Mountains",420.6,175
Spaltindoagh,Sperrin Mountains,420,55
Esknaloughoge N Top,Dunkerron Mountains,420,55
Bessy Bell,Sperrin Mountains,420,355
Slievemeel,Mourne Mountains,420,65
Slieveboy,North Wexford,420,304
Turners Rock,Shehy/Knockboy,420,95
Glenaneagh,Shannon,420,55
Stookeen,"Dublin/Wicklow, Wicklow Mountains",420,269
Damph,Inishowen,420,65
Gortnageragh,Shannon,418,143
Slievenahanaghan,Antrim Hills,418,73
Slievecorragh,"Dublin/Wicklow, Wicklow Mountains",418,151
Eskaheen Mountain,Inishowen,418,144
Crockstoller,"Donegal NW, Glendowan Mountains",418,83
Keelogyboy Mtn Far E Top,"Dartry Mountains, Castlegal Hills",418,93
Beenrour,Dunkerron Mountains,418,40
Leean Mountain,"Dartry Mountains, Castlegal Hills",417,132
Knocknasliggaun,Ox Mountains,417,242
Keelogyboy Mtn SW Top,"Dartry Mountains, Castlegal Hills",417,52
Croaghan,Antrim Hills,417,112
Urris Hills,Inishowen,417,167
Glenkeel Top,Caha Mountains,417,85
Addernymore,"Donegal NW, Derryveagh Mountains",416,51
Curraghchosaly Mountain,Sperrin Mountains,416,161
Mount Gable,Partry/Joyce Country,416,352
Croaghubbrid,Bluestack Mountains,416,101
Bweengduff,Boggeragh Mountains,416,90
Esknaloughoge,Dunkerron Mountains,416,48
Mullaghturk,Sperrin Mountains,416,81
Benbo,Dartry Mountains,415,214
Glennamong E Top,"North Mayo, Nephin Beg Range",415,40
Mullaghareirk,"W Limerick/N Kerry, Mullaghareirk Mountains",414,90
Knockagarrane,Caha Mountains,414,59
Moneyoran Hill,Sperrin Mountains,414,29
Bweeng Little,Boggeragh Mountains,414,29
Slievefoore,"Dublin/Wicklow, Wicklow Mountains",414,29
Coolroe,Glenbeigh Horseshoe,414,80
Ballaghnabehy Top,Dartry Mountains,413,28
Knocknagullion,Dunkerron Mountains,413,245
Largan Hill,Ox Mountains,413,228
Lackenacreena,Shannon,413,28
Knockpasheemore,Twelve Bens,412,17
Bird Hill,Shehy/Knockboy,412,67
Stookeennalackareha,Caha Mountains,412,27
Ballykildea Mountain,"Shannon, Slieve Bernagh",412,67
Seltannasaggart SE Slope,Arigna Mountains,412,0
Knockane,"Shannon, Keeper Hill",411,56
Bartonny Top,"Breifne, Iron Mountains",411,36
Knockmaroe,Shannon,411,106
Derrysallagh,Caha Mountains,410,35
Silvermine Mountains Far E Top,"Shannon, Silvermine Mountains",410,25
Croaghugagh,Bluestack Mountains,410,75
Bolus,Iveragh NW,410,385
Ballinard,"W Limerick/N Kerry, Mullaghareirk Mountains",410,45
Nephin Beg S Top,"North Mayo, Nephin Beg Range",410,65
Foardal,Mangerton,409.8,36
Barraboy Mountain SE Top,Shehy/Knockboy,409,24
Spinans Hill,"Dublin/Wicklow, Wicklow Mountains",409,184
Tooreenbaha,Caha Mountains,408.7,33
Knockacummer,"W Limerick/N Kerry, Mullaghareirk Mountains",408,103
Knockullane E Top,Paps/Derrynasaggart,408,42
Clogherny Top,Sperrin Mountains,408,33
Carrigleitrim,"Dublin/Wicklow, Wicklow Mountains",408,53
Corran,Nagles Mountains,407.5,92
Castleconor,Slieve Bloom,407,32
Mount Gabriel,Mizen/Sheeps Head,407,312
Slieve Felim S Top,"Shannon, Slieve Felim",407,32
Crockalougha,Sperrin Mountains,407,73
Knocknaskagh N Top,Nagles Mountains,406.3,42
Garraunbaun,Slieve Bloom,406,31
Esknabrock,Mangerton,406,251
Nowen Hill Far W Top,Shehy/Knockboy,405.2,59
Taur,"W Limerick/N Kerry, Mullaghareirk Mountains",405,70
Croaghacullin,Donegal SW,405,70
Taurbeg,"W Limerick/N Kerry, Mullaghareirk Mountains",405,14
Cummer,Shannon,405,80
Slieve Rushen,Breifne,404,342
Long Hill,Comeragh Mountains,404,37
The Foxes Rock,"Cooley/Gullion, Cooley Mountains",404,47
Rocky Mountain,Mourne Mountains,404,80
Ballincurra Hill,Shannon,403,188
Crockaneel,Antrim Hills,403,88
Commaun Beg,Shannon,403,88
Lacroagh,Bluestack Mountains,403,48
Soarns Hill,Antrim Hills,403,38
Balix Hill,Sperrin Mountains,403,188
Croaghmarhin,Dingle West,403,218
Crockalough,Antrim Hills,402,77
Knockadigeen Hill,Shannon,402,137
Douglas Top,Antrim Hills,402,87
Bleantasour Mountain,"Comeragh Mountains, Monavullagh Mountains",402,37
Shaking Rock,Mangerton,402,27
Tievebulliagh,Antrim Hills,402,57
Cloghervaddy,Bluestack Mountains,402,27
Tirkslieve,"North Mayo, Nephin Beg Range",401,132
Croaghbrack,Bluestack Mountains,401,46
Croaghmeen,S Donegal/W Tyrone,401,106
Lissoughter,Maamturks,401,336
Ballyvouskill,Paps/Derrynasaggart,401,35
Carrigeenamronety,Ballyhoura Mountains,400.9,225
Knockannavea,Dublin/Wicklow,400.8,98
Owenreagh Hill,Sperrin Mountains,400,185
Crockuna,Donegal SW,400,115
Sruffaungarve Top,Ox Mountains,400,25
Killaha Mountain,Caha Mountains,400,95
Cushbawn,"Dublin/Wicklow, Wicklow Mountains",400,160
Barraduff Mountain,Caha Mountains,400,95
Spinans Hill SE Top,"Dublin/Wicklow, Wicklow Mountains",400,40
Hangmans Hill,"Dartry Mountains, Castlegal Hills",400,65
Maghera,"Shannon, Slieve Aughty",400,345
Foilduff,"Shannon, Mauherslieve",400,35
Croaghcarragh,Inishowen,400,45
Donald's Hill,Keenaght,399,176
Belmore Mountain,Fermanagh/S Tyrone,398,323
Knockastumpa,Caha Mountains,398,102
Muskeagh Hill,"Dublin/Wicklow, Wicklow Mountains",397,242
Crockglass,Inishowen,397,95
Saggart Hill,"Dublin/Wicklow, Dublin Mountains",396.9,160
Lackavrea,Maamturks,396,301
Burren,North Mayo,396,102
Loughermore,Keenaght,396,270
Farbreiga,North Mayo,395,240
Knocknaskereighta,Iveragh NW,395,280
Bohaun,Partry/Joyce Country,393,118
Leamacrossan Hill,Inishowen,392,97
Banagher Hill,Bluestack Mountains,392,106
Slievecallan,West Clare,391,365
Slievegarran,Mourne Mountains,391,133
Croughaun Hill,Comeragh Mountains,391,225
Mount Hillary,Boggeragh Mountains,391,176
Glengesh Hill,Donegal SW,390,126
Knockakishaun,Croagh Patrick,390,205
Preban Hill,"Dublin/Wicklow, Wicklow Mountains",389,183
Slievekeeragh Hill,Inishowen,389,95
Falleennafinoga,Shannon,388,110
Bullaunmore,"North Mayo, Nephin Beg Range",388,173
Laghta Eighter Hill,Sheeffry Hills,388,144
Tullybrack,Fermanagh/S Tyrone,386,200
Miskish Mountain,Slieve Miskish,386,181
Knockanouganish,Caha Mountains,386,191
Binevenagh,Keenaght,385,170
Craignamaddy,Sperrin Mountains,385,160
Cloghnagaune,Dublin/Wicklow,385,117
Croaghleheen,Bluestack Mountains,385,230
Kinnaveagh,"Donegal NW, Glendowan Mountains",384,106
Mountpelier Hill,"Dublin/Wicklow, Dublin Mountains",383,68
Doire Gharb,Dunkerron Mountains,382,115
Baltinglass Hill,"Dublin/Wicklow, Wicklow Mountains",382,227
Oughtmore,Sperrin Mountains,382,157
Gruggandoo,Mourne Mountains,382,177
Black Hill,Antrim Hills,381,102
Carrick Mountain,"Dublin/Wicklow, Wicklow Mountains",381,174
Burren,Boggeragh Mountains,380,155
Slieve Beagh,Fermanagh/S Tyrone,380,285
Maumakeogh,North Mayo,379,294
Carnanmore,Antrim Hills,379,122
Teevnabinnia,Mweelrea Mountains,379,214
Cupidstown Hill,Dublin/Wicklow,378.6,54
Cappaghabaun Mountain East,"Shannon, Slieve Aughty",378,332
Beentee,Iveragh NW,376,270
Knocknagallaun,Slieve Miskish,376,150
Derrynafulla SW,Caha Mountains,375,150
Brickany,Central Dingle,374,219
Croaghacullion,Donegal SW,374,239
Slieve Beagh South East Top,Fermanagh/S Tyrone,373,5
Glenbeg East,Partry/Joyce Country,372,267
Crocknagapple,Dartry Mountains,372,116
Croaghavehy,Donegal SW,372,99
Grinlieve,Inishowen,371,223
Slievekirk,Sperrin Mountains,370,275
Knocklettercuss,"North Mayo, Nephin Beg Range",370,212
Benaughlin,"Breifne, Cuilcagh Mtns",370,124
Culliagh SE Top,Donegal NW,369,194
Slievenamuck,Galty Mountains,369,234
Fear Breagach,Ballyhoura Mountains,369,112
Cave Hill,Belfast Hills,368,94
Bleanbeg,"Shannon, Keeper Hill",368,111
Mount Kennedy,Dublin/Wicklow,365.9,138
Croghan,South Midlands,365,124
Carrigatuke,"Cooley/Gullion, Slieve Gullion",365,210
Coppanagh,"South Midlands, Brandon Hill",365,210
Altnapaste,Bluestack Mountains,364,164
Cark Mountain,Donegal NW,364,102
Knockaviltoge,Shannon,364,96
Knockalla,Donegal NW,363,328
Fir Mountain,Sperrin Mountains,362,98
Letter South,Dunkerron Mountains,362,140
Gowlbeg Mountain,Caha Mountains,362,135
Keale Mountain,Ballyhoura Mountains,361.8,114
Castlequin,Iveragh NW,361,336
Crockkinnagoe,S Donegal/W Tyrone,361,221
Keshcorran,Bricklieve/Curlew,359,294
Shannavara,South Connemara,358,301
Cashlaundrumlahan,"Shannon, Slieve Aughty",358,223
Craigcannon,Donegal NW,357,172
Lakeen,"Dublin/Wicklow, Wicklow Mountains",357,202
Gartan Mountain,"Donegal NW, Glendowan Mountains",357,212
Tully Mountain,Twelve Bens,356,331
Knockanaskill,Dunkerron Mountains,356,151
Crusline,Stacks Mountains,355,133
Mount Foley,Glenbeigh Horseshoe,355,148
Milane Hill,Shehy/Knockboy,354.4,159
Cnoc Mordáin,South Connemara,354,329
Hen Mountain,Mourne Mountains,354,83
Ballyarthur Hill,Ballyhoura Mountains,353.3,208
Big Collin,Antrim Hills,353,148
Knocknabrone Hill,MacGillycuddy's Reeks,353,188
Knockadullaun,Knockmealdown Mountains,352.2,126
Mulmosog Mountain,Donegal SW,351,216
Barnavave,"Cooley/Gullion, Cooley Mountains",350,45
Crockmore,Donegal NW,349,173
Clomantagh Hill,"South Midlands, Slieveardagh",349,217
Cloonagh,Ox Mountains,349,102
Crotlieve Mountain,Mourne Mountains,347,111
Knocknasilloge,South Connemara,346,306
Bolaght Mountain,S Donegal/W Tyrone,345,170
Seefin,Mizen/Sheeps Head,345,260
Slieve Elva,West Clare,344,339
Seskin,"Dublin/Wicklow, Wicklow Mountains",344,149
Knockanimpaha,"W Limerick/N Kerry, Mullaghareirk Mountains",344,159
Legg,Fermanagh/S Tyrone,343,138
Carrigarierk,Shehy/Knockboy,343,95
Knockree,Dublin/Wicklow,342,95
Dunranhill,Dublin/Wicklow,342,105
Little Sugar Loaf,"Dublin/Wicklow, Wicklow Mountains",342,247
Dooish,S Donegal/W Tyrone,340,165
Tawnaghmore,North Mayo,340,275
Knocknamuck,"South Midlands, Slieveardagh",340,268
Cornasaus,North Midlands,339,224
Corbally Hill,"Shannon, Arra Mountains",339,103
Caher Mountain,Mizen/Sheeps Head,338,143
Keady Mountain,Keenaght,337,112
Binswilly,"Donegal NW, Glendowan Mountains",337,130
Knockmore,"Achill/Corraun, Achill",337,259
Knocknaman,Slieve Bloom,337,131
Clogrennan Hill,"South Midlands, Slievemargy",336,271
Ballinacorbeg,Dublin/Wicklow,336,102
Gregory Hill,Donegal NW,336,241
Slieve Fyagh,North Mayo,335,190
Crocknamoghil,Sperrin Mountains,335,170
Eagles Nest,Purple Mountain,334,105
Oughty Hill,Croagh Patrick,333,146
Letterettrin,Twelve Bens,333,268
Derkbeg Hill,Bluestack Mountains,332,178
Corrin,Slieve Mish,332,97
Benmore,Achill/Corraun,332,138
Fossy Mountain,South Midlands,332,123
Slieveroe,Dublin/Wicklow,332,100
Killurly,Iveragh NW,331,215
Meenamaddo,Ox Mountains,330,135
Knockatagglemore,W Limerick/N Kerry,330,104
Knockatee,Caha Mountains,330,175
Slieve Alp,"North Mayo, Nephin Beg Range",329,194
Crocknasmug,Inishowen,327.5,213
Knocknarea,Ox Mountains,327,312
Slievecarran,West Clare,326,211
Maum,Donegal SW,325,141
Slievenaboley,Mourne Mountains,324,95
Tooreen,Boggeragh Mountains,322,106
Crockavishane,Inishowen,322,116
Tristia,North Mayo,322,207
Crockdooish,Sperrin Mountains,321,166
Bricklieve Mountains,Bricklieve/Curlew,321,173
Coumsallahaun,Shannon,320,109
Slieve Glah,North Midlands,320,205
Pookeen North Top,Shehy/Knockboy,319,104
Carnearny,Antrim Hills,319,150
Lateeve,Dingle West,318,263
Cullenagh Mountain,"South Midlands, Slievemargy",317,152
Brougher Mountain,Fermanagh/S Tyrone,317,215
Mullyash Mountain,North Midlands,317,100
Gleninagh Mountain,West Clare,316.1,133
Cumber Hill,Slieve Bloom,316,118
Knockmannon Hill,South Midlands,315,151
Crovehy,"Donegal NW, Derryveagh Mountains",315,180
Gibbet Hill,North Wexford,315,212
Slievemore,Fermanagh/S Tyrone,314,150
Carricktriss Gorse,"South Midlands, Walsh Mountains",314,169
Ballynalacken Hill,South Midlands,314,96
Bloody Foreland,"Donegal NW, Gweedore",314,219
Knocknafreaghane,Dunkerron Mountains,313,108
Knocknamaddree,Mizen/Sheeps Head,313,288
Slievetrue,Belfast Hills,312,189
Mouldy Hill,Inishowen,312,167
Tawnydoogan,Mweelrea Mountains,312,96
Tinoran Hill,"Dublin/Wicklow, Wicklow Mountains",312,245
Stranisk,Fermanagh/S Tyrone,312,126
Carrigfadda,Shehy/Knockboy,311.7,206
Cashel Hill,South Connemara,311,285
Knocknagur,Maamturks,310,127
Croaghloughdivna,Donegal SW,310,142
Woodcock Hill,Shannon,310,265
Inchanadreen,Shehy/Knockboy,310,124
Slievenaglogh,Cooley/Gullion,310,153
Knockanuarha,Shannon,309,170
Croslieve,"Cooley/Gullion, Slieve Gullion",308,173
An Bheann Mhór,Dunkerron Mountains,308,183
Knockchree,Mourne Mountains,306,181
Keeraunnageeragh,South Connemara,305,277
Larkfield,Dartry Mountains,305,100
Glinsk,North Mayo,304,179
Aillwee,West Clare,304,145
Beenarourke,Dunkerron Mountains,304,100
Derrineanig,Shehy/Knockboy,304,106
Straid Hill,Sperrin Mountains,303,128
Dereenaculling,Paps/Derrynasaggart,303,94
Gouladane,Mizen/Sheeps Head,303,107
Ballycurry,Dublin/Wicklow,301,94
Derrylahard East,Mizen/Sheeps Head,301,176
Knockafeehane,Slieve Mish,301,130
Carronadavderg,"Comeragh Mountains, Drum Hills",301,290
Cloghercor South,Bluestack Mountains,301,104
Cregganconroe,Sperrin Mountains,300,114
Errisbeg,South Connemara,300,275
Gortnagan Beg,MacGillycuddy's Reeks,298,122
Carrigeen Hill,Dublin/Wicklow,298,103
Cregg,Twelve Bens,297,142
Crucknaree,North Mayo,297,100
Carrigadoon Hill,South Midlands,296.9,142
Cashloura,Shehy/Knockboy,296.8,191
Mount Kid,Mizen/Sheeps Head,296.1,109
Eagle Hill,Dublin/Wicklow,296,110
Knockavoe,Sperrin Mountains,296,60
Slieveacarnane,Mourne Mountains,296,117
Coolsnaghtig,Shehy/Knockboy,295.8,160
Sheean,North Mayo,295,120
Pollnalaght,S Donegal/W Tyrone,293,178
Killerry Mountain,Ox Mountains,293,239
Ballystrang,Donegal NW,292,95
Glenmore Hill,"W Limerick/N Kerry, Mullaghareirk",292,98
Croaghmore,Dingle West,292,292
Tory Hill,South Midlands,292,170
Knocknalee,South Connemara,291,128
Coolcross Hill,Inishowen,291,164
Taghart South,North Midlands,290,100
Ballyhook Hill,Dublin/Wicklow,288,121
Knockfeerina,W Limerick/N Kerry,288,173
Clearagh Hill,Shehy/Knockboy,287,133
Cappagh Mountain,Fermanagh/S Tyrone,286,103
Knocknanacree,Central Dingle,286,260
Corrymailley Hill,Mweelrea Mountains,286,140
Tievereivagh,"Achill/Corraun, Achill",286,250
Corbally Hill,South Midlands,285,104
Stragraddy Mountain,Donegal NW,285,177
Aroher Hill,"North Mayo, Nephin Beg",285,112
Mount Corrin,Mizen/Sheeps Head,284,117
Mongorry Hill,Inishowen,284,179
Monabrogue,South Midlands,284,97
Ballinastraw,Dublin/Wicklow,284,96
Faranaree Hill,South Midlands,283,126
Shrone Hill,Caha Mountains,283,101
Crockalough,Inishowen,282,267
Sheeanmore,"North Mayo, Nephin Beg",282,147
Knocknaveagh,Shehy/Knockboy,282,128
Srahrevagh North,"North Mayo, Nephin Beg",282,96
Drumnalough Hill,Bluestack Mountains,282,119
Meenseefin,S Donegal/W Tyrone,280,109
Cloghermore,South Connemara,280,111
Barranisky,"Dublin/Wicklow, Wicklow Mountains",280,165
Slievenalargy,Mourne Mountains,280,155
Lettertrask,"North Mayo, Nephin Beg Range",279,154
Tullymorehill,Partry/Joyce Country,279,95
Corn Hill,North Midlands,278,203
Duntryleague Hill,Ballyhoura Mountains,278,140
Croaghmore,Donegal NW,278,119
Knockmore,Fermanagh/S Tyrone,277,30
Eglish,Sperrin Mountains,277,108
Topped Mountain,Fermanagh/S Tyrone,277,131
Larganmore,Ox Mountains,276,123
Mount Alto,South Midlands,276,149
Carrickgollogan,Dublin/Wicklow,276,118
Slieve Na Calliagh,North Midlands,276,171
Knocknashee,Ox Mountains,276,171
Killelan Mountain,Iveragh NW,275,250
Slieve Daeane,Ox Mountains,275,231
Croaghmuckros,Donegal SW,275,133
Curra Hill,Glenbeigh Horseshoe,275,170
Reenconnell,Dingle West,274,159
Cappanalaurabaun,South Connemara,273,114
Currywongaun,Twelve Bens,273,109
Corronoher,W Limerick/N Kerry,272.1,150
Slievenaslat,Mourne Mountains,272,109
Doomore,Ox Mountains,272,80
Oughtarnid,S Donegal/W Tyrone,271,98
Croaghrimkarra,Partry/Joyce Country,271,107
Knockanamadane,Dunkerron Mountains,270,124
Westaston Hill,Dublin/Wicklow,270,122
Curradrolan Hill,Sperrin Mountains,270,111
Cornaclea Hill,Achill/Corraun,269,100
Carrafull,North Mayo,269,164
Slievecoiltia,South Wexford,268.5,187
Knockaughna,Mizen/Sheeps Head,268,100
Bunnanimma,North Midlands,268,138
Derrin,Fermanagh/S Tyrone,268,102
Ballaghmore Hill,South Midlands,268,146
Knockanallig,Caha Mountains,267,267
Ben Dash,West Clare,267,119
Kilmichael Hill,Dublin/Wicklow,267,105
Dooish Mountain,Inishowen,266,172
Geokaun,Iveragh NW,266,266
Croaghleconnell,"Donegal NW, Derryveagh Mountains",266,195
Knockanore,North Kerry,265.5,252
Coolnahau Hill,South Midlands,265,128
Tievecrom,"Cooley/Gullion, Slieve Gullion",264,172
Knockagreenan,Boggeragh Mountains,263,146
Slieve Carn,North Midlands,262,238
Slieve Bawn,North Midlands,262,207
Dereenavurrig Hill,Dunkerron Mountains,261,112
Hewson Hill,South Midlands,261,128
Tievenanass,North Midlands,261,104
Barnacuillew,North Mayo,260,240
Bruse Hill,North Midlands,260,199
Holywell Hill,Inishowen,260,255
Lackacroghan,Slieve Miskish,260,165
Knockbrin,Donegal NW,259,106
Croaghglengad,Inishowen,259,106
Slieveboy,Sperrin Mountains,259,105
Breesy Hill,S Donegal/W Tyrone,258,144
Corballis Hill,Dublin/Wicklow,258,120
Mullaghmeen,North Midlands,258,146
Inchimore,Mangerton,256,100
Benwee Head,North Mayo,255,230
Curlew Mountains,Bricklieve/Curlew,255,150
Slieveacurry,West Clare,255,98
Knocknafaughy,Partry/Joyce Country,254,97
Leam Hill,South Connemara,253,100
Tara Hill,North Wexford,253,198
Caponellan Hill,South Midlands,253,129
Loughaskerry,Donegal NW,252,145
Scarriff Island,Dunkerron Mountains,252,252
Doonties Commons,Central Dingle,252,136
Croaghnamaddy,"Donegal NW, Horn Head",252,247
Cnoc Bólais,Slieve Miskish,252,252
Ballydavid Head,Dingle West,251.4,226
Mount Oriel,East Coast,251,176
Binnion,Inishowen,250,195
Donnell's Hill,Comeragh Mountains,250,132
Aghalion Hill,North Midlands,249,141
Killeagh,Dublin/Wicklow,249,125
Letterlogher,Sperrin Mountains,249,114
Croaghegly,Donegal NW,245,230
Coomduff,Dunkerron Mountains,244,140
Knocknascollop NW Top,North Mayo,244,231
Mullaghmeash Hill,Sperrin Mountains,244,100
Mullaghbane Mountain,"Cooley/Gullion, Slieve Gullion",243,94
Bunmore,"North Mayo, Nephin Beg Range",243,205
Corduff,North Midlands,243,94
Mullaghcroy,Sperrin Mountains,242,176
Carrigoona Commons East,Dublin/Wicklow,242,103
Faughil,"Cooley/Gullion, Slieve Gullion",241,135
The Hill of Mael,North Midlands,241,133
Kill Hill,South Midlands,241,114
Greenan Mountain,Inishowen,241,106
Abbey Hill,West Clare,240,165
Carrigadav,Central Dingle,240,96
Bray Head Hill,Dublin/Wicklow,240,127
Ballyroon Mountain,Mizen/Sheeps Head,239,134
Bray Head,Iveragh NW,239,204
Knockbreteen,Shehy/Knockboy,239,104
Keelkil,Partry/Joyce Country,239,133
Beenmore,Dingle West,239,106
Collon Hill,"Dublin/Wicklow, Wicklow Mountains",238,183
Knockakeo,Nagles Mountains,238,112
Crockawama,"Donegal NW, Derryveagh Mountains",238,122
Illanmaster,North Mayo,238,134
Tower Hill,Comeragh Mountains,238,118
Knockaghaleague,North Mayo,237,192
Knockaphuca,Mizen/Sheeps Head,237,172
Forth Mountain,South Wexford,237,172
Derk Hill,"Shannon, Slieve Felim",236,115
Garrylaurence Hill,Nagles Mountains,236,97
Killough,South Midlands,235,120
Knockiveagh,Mourne Mountains,235,150
Knockseefin,"Shannon, Slieve Felim",235,113
Croghan Hill,North Midlands,234,159
Mullaghanoe,North Midlands,234,160
Carrickbyrne Hill,South Wexford,234,150
Fahane,Mizen/Sheeps Head,233,134
Feede Mountain,"Cooley/Gullion, Slieve Gullion",233,108
Corveagh,Partry/Joyce Country,233,109
Dunmurry Hill,North Midlands,233,127
Derryreel,Derryveagh Mountains,232,91
Carrigroe Hill,North Wexford,232,217
Mizen Peak,Mizen/Sheeps Head,232,177
Carnmoney Hill,Belfast Hills,231.1,109
Fearns Hill,S Donegal/W Tyrone,231,95
Largy,Fermanagh/S Tyrone,230,112
Dunaff Hill,Inishowen,230,215
Barradeegin,North Mayo,229,194
Killeigh Hill,Shehy/Knockboy,229,103
Knockmore,Blackstairs Mountains,228,120
Currane Hill,Shehy/Knockboy,228,150
Black Hill,Shannon,228,100
Murren Hill,"Donegal NW, Fanad",227,192
Bockagh Hill,North Midlands,227,105
Cluidaniller West Top,"Donegal NW, Aranmore",227,227
Barroe North,Arigna Mountains,226,132
Cotracloghy,"Cooley/Gullion, Slieve Gullion",225,110
Brown Mountain,Donegal NW,224,100
Knockadav,South Connemara,224,101
Knocknaveen,Achill/Corraun,223,117
Eagle Hill,Slieve Miskish,223,134
Bouleevin,West Clare,222,124
Croaghaderry,Derryveagh Mountains,222,12
Brewel Hill,North Midlands,222,94
Inch Top,Inishowen,222,222
Clondermot Hill,Sperrin Mountains,220,195
Corrin,Nagles Mountains,220,40
Muckanagh Hill,North Mayo,220,139
Meenavally,Donegal NW,219,124
Boheh Hill,Croagh Patrick,219,114
Hill of Allen,North Midlands,219,131
Callahaniska,Glenbeigh Horseshoe,219,106
Shantemon,North Midlands,218,120
Kilcullen Hill,Blackstairs Mountains,218,96
Gortmonly Hill,Sperrin Mountains,218,170
Kilnamanagh Hill,Dublin/Wicklow,217,142
Croaghan Hill,S Donegal/W Tyrone,217,173
Great Skellig,Iveragh NW,217,217
Maulin Mountain,North Kerry,217,210
Mucklety Hill,Ox Mountains,217,104
Cairngaver,Belfast Hills,217,192
Townaloughra East Top,Twelve Bens,216,112
Long Mountain,Antrim Hills,215,128
Ballyea Hill,W Limerick/N Kerry,214,124
Krinnuck,"Achill/Corraun, Achill",214,159
Knockeyon,North Midlands,214,128
Knock Hill,North Midlands,213,104
Knockshigowna,Shannon,212,130
Kilmacomma Hill,Comeragh Mountains,211,143
Carrowrevagh,Croagh Patrick,210,102
Tullyhappy,"Cooley/Gullion, Slieve Gullion",209,101
Knockshanawee,South Cork,209,132
Newtown Hill,South Midlands,208,109
Knockatassonig,Mizen/Sheeps Head,207,135
Ganiamore,"Donegal NW, Rosguill",207,199
Lannimore Hill,Antrim Hills,207,119
Cross Slieve,Antrim Hills,206,150
Monaughrim,South Midlands,206,97
Fermoyle Hill,Iveragh NW,206,110
Sybil Head,Dingle West,206,201
Gortamullin,Dunkerron Mountains,205,116
Disert,Slieve Miskish,205,180
Knockanes,West Clare,205,120
Knocknalarabana,West Clare,204,116
Knockroe,"Shannon, Slieve Felim",204,128
Cullen Hill,Fermanagh/S Tyrone,201,132
Slieveadrohid,South Cork,201,124
Knockastia,North Midlands,200,106
Tearaght Island,Dingle West,200,200
Bawn Mountain,North Midlands,200,121
Slieveward,Ox Mountains,199,113
Cruckboeltane,North Midlands,199,101
Newtown Hill,South Connemara,198,105
Carranarah,Ox Mountains,197,152
Rush Hill,North Midlands,197,114
Knockomagh,Mizen/Sheeps Head,197,172
Knockscagh,Shehy/Knockboy,195,102
Rehagy Mountain,Fermanagh/S Tyrone,194,95
Lacken Hill,South Wexford,193,107
Edenacarnan,Donegal NW,192,147
Lettershinna Hill,South Connemara,192,127
Knockninny Hill,Breifne,191,133
Cloontohil,West Clare,190,118
Binnion Hill,Inishowen,190,101
Lugganammer,North Midlands,190,135
Inishturk (1),Mayo Islands,189.3,189
Clifden Hill,West Clare,189,102
Ballyguile Hill,Dublin/Wicklow,188,109
Srahmore,"North Mayo, Nephin Beg",186,120
Knockboha,North Mayo,186,110
Ouley Hill,Belfast Hills,186,110
Carhoo Hill,Dingle West,184,169
Doolieve,South Cork,182.5,138
Srahataggle,North Mayo,182,115
Camaross Hill,South Wexford,181,104
Glanarough Hill,Slieve Miskish,181,128
Mullagh More,West Clare,180,50
Oulart Hill,North Wexford,179,104
Bree Hill,South Wexford,179,123
Sheemore,Bricklieve/Curlew,178,105
Ballydorgan,Nagles Mountains,177,119
Gortnessy Hill,Keenaght,176,98
Knockbrack,East Coast,176,97
Inishnabro,Dingle West,175,175
Toome,Donegal NW,175,138
Gortrumnagh,Twelve Bens,174,110
Soldiers hill,Inishowen,174,105
Kinknock Hill,Croagh Patrick,173,116
Carrickleck Hill,North Midlands,173,115
Inishtooskert (2),Dingle West,172,172
Maumfin,Twelve Bens,172,157
Ben of Howth,East Coast,171,167
Carrowmore Hill,Croagh Patrick,171,145
Highbank,Inishowen,171,102
Knockarudane Hill,Shehy/Knockboy,169,113
Knockroe,North Midlands,168,107
Knockmaa,North Midlands,167,138
Moydow,North Midlands,165,108
Lackenakea,Mizen/Sheeps Head,164,100
Garravagh North Top,South Cork,164,106
Crocknasleigh,"Donegal NW, Rosguill",163,159
Reenearagh,Dunkerron Mountains,162,115
Knocknaheeny,South Cork,161,123
Hill of Slane,East Coast,160.4,53
Scrabo Hill,Belfast Hills,160,97
Derryvour Hill,Caha Mountains,160,131
Cnoicín an tSeabhaic,Mizen/Sheeps Head,160,160
Puffin Island,Iveragh NW,159,159
Lick Hill,Shehy/Knockboy,158,110
Dromona Hill,"Comeragh Mountains, Drum Hills",156,102
Barryroe Hill,Shehy/Knockboy,156,123
Crocknaneeve,Donegal NW,155.9,109
Tara,East Coast,155,84
Porturlin Hill,North Mayo,155,122
Eagle Hill,Dunkerron Mountains,155,118
Knockaglana,North Mayo,154,126
Killiney Hill,Dublin/Wicklow,153.5,116
Binn Diarmada,Dingle West,153,92
Drumavohy Hill,"Donegal NW, Fanad",153,100
Ballynabrocky Hill,"Donegal NW, Fanad",152,118
Cashelmore,"Donegal NW, Fanad",149,137
Moyle Hill,Donegal NW,148,95
Balloor Hill,Croagh Patrick,147,120
Knockaunbaun,Twelve Bens,146,128
Deenish Island (2),Dunkerron Mountains,144,144
Cooligboy Hill,South Cork,144,95
Farrendalouge,Central Dingle,144,97
Gortnadrehy,Ox Mountains,143,124
Ballincollop Hill,South Cork,141,116
Donalds Carn,Antrim Hills,141,126
Tormore Island North,Donegal SW,139,139
Clashabeema,South Midlands,137,99
Moveen Hill,South Clare,136,119
Inishvickillane,Dingle West,135,135
Kilpatrick,Antrim Hills,134,134
Ballyscanlan Hill,South Midlands,132,72
Aghaglasheen,North Mayo,132,132
Little Skellig,Iveragh NW,131,131
Muldersleigh Hill,Belfast Hills,131,106
Cuilkillew,"North Mayo, Nephin Beg",130,97
Castlemahon Mountain,Belfast Hills,128,120
Oldtown Hill,South Clare,127,100
Knockbane,East Coast,126,126
An Droim Rua (1),Oileáin Árann,123,123
Knocknasullig,Dunkerron Mountains,117,100
Lettermore,South Connemara,117,117
Vinegar Hill,North Wexford,116.6,65
Hill of Faughart,"Cooley/Gullion, Slieve Gullion",113,23
Achillbeg Island N Top,Achill/Corraun,109.7,109
Achillbeg Island S Top,Achill/Corraun,108.5,102
Brow Head,Mizen/Sheeps Head,108,104
Illanmaster Island,North Mayo,105,105
Termon Hill,North Mayo,103,98
Moylemore,Donegal NW,102,102
Slievemore,Mizen/Sheeps Head,101,101
Ballywhite Hill,Belfast Hills,101,95
Stags of Broadhaven (central),North Mayo,97,97
Tormore Island South,Donegal SW,94,94
